id,Nom,Prenom,DateNaissance,LieuNaissance,NumCIN,Adresse,Profession,Email,Image,NumeroTel,IdArrondissement_id
1,Collin,Patricia,1991-09-18,Manakara,b'gAAAAABoWO5Gh210QZ1tfjb8qS1yjpOcDjpyEZeGvKNyCjxdgq8yMRHDXdaDNTcp871_1Okqf2SRiy4_Ghmtg-4lTx8JhL-Gnw==',"576, chemin Isabelle Carpentier, 64242 Joly",électromécanicien,CollinPatricia1@gmail.com,https://randomuser.me/api/portraits/women/40.jpg,+261 33 6280272,2
2,Gauthier,Laure,1968-07-26,Morondava,b'gAAAAABoWO5GzuMpsKrrxUJCfqpBCbLasn05Sf2rZUjE2C4tCogQqokzJu_gnyy26caRRHIcM9IOPFH5tJ64hbGnH0JH5fzc0w==',"2, chemin de Georges, 71203 Gay",formateur d'adultes,GauthierLaure20@gmail.com,https://randomuser.me/api/portraits/men/88.jpg,+261 34 8553436,1
3,Bourdon,Lucie,1962-04-21,Manakara,b'gAAAAABoWO5GrsiSkpib3QGF40A9TmgJsXSlke62qJ2gxXAPGBWDe7lYV1b6jZsZvaCVR2_M09mJnKMAu8cZy-REkz7fYstlcg==',"940, rue Fouquet, 51827 Sainte Valérie",greffier,BourdonLucie69@gmail.com,https://randomuser.me/api/portraits/women/3.jpg,+261 33 7820068,6
4,Berger,Nathalie,1978-09-25,Toliara,b'gAAAAABoWO5GRRYu_vzPZcOyEUe_zoOVGwrseT7MfueI7Dj6jZCWHr5s2clGcE06-XvvfHGvk_JYoFz4YcostsKG1Z6gVZ3WSw==',"333, avenue de Robin, 11427 CamusBourg",ethnologue,BergerNathalie52@gmail.com,https://randomuser.me/api/portraits/women/55.jpg,+261 32 1785382,4
5,Courtois,Stéphane,1951-06-18,Mahajanga,b'gAAAAABoWO5Gr7Cb5BiSmae9yyumYVHWUKVyyqqU3jcJRix-mkniAifxmTAxX4crxBGyftqSS0qYZ1TNJ1cBvlXB46AVo14Ueg==',"99, chemin de Hebert, 12710 Prévost-sur-Mer",enquêteur privé privée,CourtoisStéphane5@gmail.com,https://randomuser.me/api/portraits/women/99.jpg,+261 33 1156036,2
6,Gonzalez,Laurent,1959-11-21,Antananarivo,b'gAAAAABoWO5GszDggX6ABFu1OmSgQWRkT82fHiBTbZM2wZKRG6MvykTGnNIxlnM6x_ngIkaI61WLZONKHjtG91XojFLAU6OCcQ==',"27, rue Gérard, 05962 Sainte Virginie-la-Forêt",océanologue,GonzalezLaurent108@gmail.com,https://randomuser.me/api/portraits/women/66.jpg,+261 34 2537146,3
7,Huet,Claude,1963-10-06,Toliara,b'gAAAAABoWO5GQa93Wfl-IMbiwshB-payxY1jfzfr1CuCPPdt--yRwt_pLkIXA6YDhY4WVsF0tszTniB4noJDbVYuUqTxreyCkQ==',"87, chemin de Perez, 41727 Sainte Jacquelineboeuf",concepteur multimédia,HuetClaude49@gmail.com,https://randomuser.me/api/portraits/women/8.jpg,+261 33 4900188,2
8,Berger,Alfred,1971-05-13,Antsirabe,b'gAAAAABoWO5G3x1rLhUFhpEMtq5PefYGFmws7DSotkUduwKm4hPluUqCBGvRN9-GOoPbIvdD8EUdi-f-uzel74rK52ccufHBog==',"35, avenue Sylvie Bonnet, 13901 Rocher",conservateur du patrimoine,BergerAlfred136@gmail.com,https://randomuser.me/api/portraits/men/33.jpg,+261 33 5528126,2
9,Lambert,Thérèse,2007-03-07,Toamasina,b'gAAAAABoWO5GexOXjblPH-MbBP62_nY6XJCllfnHLZvaAmKwVpGB0DR9n8uUtiuW7G1EfENMF-EOFsn0WVkHBJgryRErk27EGQ==',"rue Seguin, 73222 Robinboeuf",chargé d'affaires en génie climatique,LambertThérèse198@gmail.com,https://randomuser.me/api/portraits/women/46.jpg,+261 32 5521047,3
10,Da Silva,Julie,1937-06-02,Toamasina,b'gAAAAABoWO5GwwFdMhaEQCFRMZ4A0SW1Op4UkN5H7MjB5yLtMETeze7irTRKKfkrBGlkpnB9R5upDBjSux76LRRI_2n2PJ8cOw==',"8, rue Potier, 03657 LegendreBourg",diagnostiqueur immobilier,Da SilvaJulie150@gmail.com,https://randomuser.me/api/portraits/women/17.jpg,+261 34 4754402,4
11,Muller,Matthieu,1944-04-08,Antsirabe,b'gAAAAABoWO5Ghdmvwolah_ghJ1T3hbJIlHDi9Yw_4YMSsdI7x0B2Mxay_0gGCOAfOvUI_eCAo2DU_PniRrbKwjtThJyiu-s7Fg==',"12, avenue de Fournier, 76203 Bourgeois-la-Forêt",hydrogéologue,MullerMatthieu22@gmail.com,https://randomuser.me/api/portraits/men/98.jpg,+261 32 4485152,2
12,Foucher,Charlotte,1957-07-14,Toliara,b'gAAAAABoWO5Ga9-0jNjybOfha6D4ap8B-NiIrttvD2nz9oQt7SBjlsUahnFuE3-HMRvKJ4lLJDWpvhbMUGSBGXYC9DQd92NDGA==',"rue de Renard, 43642 Lemaire",responsable de la collecte des déchets ménagers,FoucherCharlotte276@gmail.com,https://randomuser.me/api/portraits/men/48.jpg,+261 33 8389879,1
13,Pichon,Margot,1958-04-08,Fianarantsoa,b'gAAAAABoWO5GFFY12wcru9TzGtb4P69uatLmzn64VOx_hQFIAxVz-9tI1qqSmEiHNRf831nfU0swBDRUlMi2T8wcJ1VUOYGuvw==',"99, chemin Amélie Descamps, 32257 BlotVille",journaliste,PichonMargot247@gmail.com,https://randomuser.me/api/portraits/women/27.jpg,+261 33 5057306,1
14,Traore,Édouard,1980-03-11,Manakara,b'gAAAAABoWO5G7XYpFBH15yZE1yXfy79T8uNYZZkRDDN4jTD9zmPR6Zg5dK9HNbae0-zIBUuQuFs4jsnyFnNKkdHBPNj54ayiyw==',"42, chemin Juliette Hervé, 86467 Couturier-sur-Legendre",chargé de veille législative et réglementaire,TraoreÉdouard322@gmail.com,https://randomuser.me/api/portraits/women/60.jpg,+261 33 8047560,6
15,Auger,Thierry,1987-04-14,Toamasina,b'gAAAAABoWO5G1fmdRyfkYVwmmruyM5oG6kI2q5gzJrjuL4lQrR1rMyFzuNeXVWW-62mkqtSw51-vnwWzfSnxxJrALpwj_GeGYQ==',"1, rue de Rocher, 42263 Hubert",secrétaire,AugerThierry315@gmail.com,https://randomuser.me/api/portraits/women/21.jpg,+261 33 2074236,5
16,Pons,Alexandria,1990-11-16,Toamasina,b'gAAAAABoWO5GMGfUbNuhayfmSzPthf7O-fLmlV93qpi08i1s5ny1mvGn49VodJSjiWLJftT9-nXNzBAu96jyKt5iYdvCJCe59g==',"360, rue Raymond Boutin, 20557 CoulonVille",aide-soignant,PonsAlexandria176@gmail.com,https://randomuser.me/api/portraits/men/99.jpg,+261 34 4380773,5
17,Costa,Victor,1976-12-11,Antsirabe,b'gAAAAABoWO5GP6Q3B2e_WH_0razyb5LLghrktF6zaQcsXxaOWs0j06f78mffPqe_bOb1msBcSgcoUrpFl08BF8UKATqgh_uyCA==',"rue Emmanuelle Couturier, 11957 Garcia",ingénieur en électronique numérique,CostaVictor221@gmail.com,https://randomuser.me/api/portraits/men/1.jpg,+261 34 3601551,4
18,Potier,Arnaude,1977-07-04,Fianarantsoa,b'gAAAAABoWO5G_oK9cZfy_2fp5_Apr5laGdvFNGJ8RuVN1bygv5tW-OMEeA9rKdmPlfhKYFeznTb_4mB7Fzww-s2Q8Qh7fLLF5Q==',"1, boulevard de Raymond, 13295 Saint Thibaut-la-Forêt",technicien des industries du verre,PotierArnaude288@gmail.com,https://randomuser.me/api/portraits/women/66.jpg,+261 33 3813358,1
19,Vidal,Eugène,1999-03-16,Manakara,b'gAAAAABoWO5GH3QqLc3lvMPeNkgH_VQMqYquCgnYdtOWo0Zy23igSxI2mDJkul6b95ipQVVGwnZBmDyf0QzWA0kke-5poFM8tQ==',"1, avenue Susanne Ferreira, 32236 Gillesboeuf",chargé de recherche en recrutement,VidalEugène418@gmail.com,https://randomuser.me/api/portraits/men/81.jpg,+261 34 7655592,5
20,Meyer,Roger,1937-01-01,Mahajanga,b'gAAAAABoWO5GFM0rt8F0eysSCUj6qqe8ZlkwydxXzGXdXI5V-QVXxJRRC-OvcQT8TqOxl1idzW5yUF-khLIRaVsHeRF1qpi2eQ==',"chemin Pascal, 40475 Dupont-sur-Bouvet",technicien plasturgiste,MeyerRoger80@gmail.com,https://randomuser.me/api/portraits/women/69.jpg,+261 33 8065248,2
21,Raynaud,Marcelle,2001-10-10,Antananarivo,b'gAAAAABoWO5G4Yd_ua0DHm0AeNIhsyw2rBevbOHn4_v5OBztsjnZoTpbVvQYEdci0Ujgf1muNmKc3fdgTHI6r5AImf3VTmo9JQ==',"95, rue Mallet, 75398 Saint Henri",directeur de restaurant,RaynaudMarcelle378@gmail.com,https://randomuser.me/api/portraits/men/17.jpg,+261 32 5099340,2
22,Le Roux,Yves,1984-06-13,Antsiranana,b'gAAAAABoWO5Gq_aiV99ELl-2kgj1CCZe_X8BqmwiJ3vNuzOszBAm0LDARG8L1URGEWuFOh80O9keiUUq5c7yxOQAaWPQZ7ESgA==',"500, rue Guillon, 37469 Lévy-les-Bains",enseignant humanitaire,Le RouxYves374@gmail.com,https://randomuser.me/api/portraits/men/25.jpg,+261 33 5045789,5
23,Noël,Christiane,1967-02-05,Morondava,b'gAAAAABoWO5GGrn35Cr9XcHJlBH7R7-ne9paxhjo2NCmEuE_b7b-D1MkXrAWwnyFU2V2us9YwdS7QAytPps3kTNvSAwvTph7yA==',"28, avenue Victoire Boulanger, 38524 Saint Gabrielledan",manipulateur en électroradiologie médicale,NoëlChristiane483@gmail.com,https://randomuser.me/api/portraits/men/41.jpg,+261 33 5475765,4
24,Marques,Zoé,1981-03-31,Antsirabe,b'gAAAAABoWO5G0wHMoFlnisWS8vcpsXwwEIENGWPPzl5RhgX0CTuk7U58bIPW_id2G_auucrKs2BD2VCLLQ3m3eGjtLRpCFa9Ig==',"8, rue Thibaut Daniel, 94803 Brun",réflexologue,MarquesZoé264@gmail.com,https://randomuser.me/api/portraits/women/30.jpg,+261 33 1046911,3
25,Moreno,Alexandria,1946-04-21,Antananarivo,b'gAAAAABoWO5GKTaMY_3G3_sKtMCDzij9QlyDvVrxIPLmO5p0_6iY9IXeWeZSiVs7JXJM9PdNFFpBIZRCoM7J-bT_GiAGtSjZoA==',"rue Bonnet, 49108 Sainte Frédérique-la-Forêt",ingénieur électronicien électronicienne,MorenoAlexandria400@gmail.com,https://randomuser.me/api/portraits/women/66.jpg,+261 34 2808898,3
26,Camus,Simone,1964-01-16,Mahajanga,b'gAAAAABoWO5GX-Nq02wE_fCDl_hYQN9msAC0fM_Etw699EHgZwZon1XKTe7YiQ_id-4PTdtrbvrzaTJYk5h48AZtBdtRXBsaBw==',"rue Raymond Mary, 97431 Olivierboeuf",chargé de recherche en recrutement,CamusSimone390@gmail.com,https://randomuser.me/api/portraits/men/58.jpg,+261 34 4394724,4
27,Andre,Valentine,1938-03-26,Antsiranana,b'gAAAAABoWO5GZKzG6EbG41ACsbtLe_2VXlfUnCC1mwP5KwWbycMPHskKWEAC1uwCuVwJyBOsrnme5-o_Cz91sawVYmp9oiPe8A==',"81, chemin Marc Clerc, 06916 Ferrand",chef de cultures légumières,AndreValentine189@gmail.com,https://randomuser.me/api/portraits/men/67.jpg,+261 34 1580196,4
28,Duval,Louis,1996-11-11,Toliara,b'gAAAAABoWO5GvzDpHb2TMIWn62omjD2KAelE3Ne0MVusujVBllbDbsOhV0rUtUpzDa9CMrk2_8GeXnKKSHR4uSUBcLUjLLlzGQ==',"821, boulevard Lebon, 81796 Dijouxdan",technicien d'intervention clientèle gaz,DuvalLouis700@gmail.com,https://randomuser.me/api/portraits/men/42.jpg,+261 34 9155411,2
29,Breton,Victoire,2002-04-24,Toamasina,b'gAAAAABoWO5GEgfIDbSHpFmAjVvb-Jzlo_N17916VSs61cepD7ilt7pB2FCYhcFgp3dTcRZlMnFghi5BPBXpLsQiUmamQq35Cw==',"48, chemin Munoz, 95425 Da Silva",officier de l'armée de l'air,BretonVictoire174@gmail.com,https://randomuser.me/api/portraits/women/90.jpg,+261 34 1146898,3
30,Caron,Pierre,1955-09-11,Antananarivo,b'gAAAAABoWO5GVhvckW7CveA__7azYqEQU9cTO7TYlkKzGAU-pXBMs6keJJ7c7LRpITBTTwrw55-6yN-tqm9oEMeWHq3YAs710A==',"27, boulevard Fournier, 09330 Fournier",esthéticien-cosméticien,CaronPierre150@gmail.com,https://randomuser.me/api/portraits/men/78.jpg,+261 32 6615175,6
31,Garcia,Patricia,1995-07-12,Toamasina,b'gAAAAABoWO5GhVj44Wdg4ecj-o8pifbE8Wyq_CUHdn2tTe2HZfHRM0uWjTEgfsIqnqhS0pUqp45yuc8e14lk1RVGHOI3lq4mCA==',"67, avenue de Laporte, 64134 Robin-sur-Potier",météorologiste,GarciaPatricia620@gmail.com,https://randomuser.me/api/portraits/men/17.jpg,+261 33 2067622,4
32,Thierry,Joséphine,1944-11-12,Morondava,b'gAAAAABoWO5GQ6_j0pl3m4dlDaaA3Q6WsDXdErUDWGB8dKhp69VnvarhIbbxSLaIVuLcj1gWxsv9i5q3gxWoG2QgGH07163NFw==',"78, avenue Julie Coste, 29971 Saint Nicole",commissaire de police,ThierryJoséphine544@gmail.com,https://randomuser.me/api/portraits/women/99.jpg,+261 32 5011278,4
33,Hernandez,Corinne,1969-02-08,Toliara,b'gAAAAABoWO5G36uKrZ9IQ7RyGFJxAVyAMXE6Tyd9VJmAdhUrlkF0FQxRDGUCmFWClpiuhvbt9kBdO8-meXc851c403kwd0fBTA==',"chemin Valérie Bailly, 97362 JacobVille",chef monteur monteuse,HernandezCorinne693@gmail.com,https://randomuser.me/api/portraits/men/26.jpg,+261 34 6145228,5
34,Clerc,Gilbert,1966-12-30,Fianarantsoa,b'gAAAAABoWO5Gy_-3Ac5Y_4WqkiseR5qkC3h3QY4Hj3NBwYG0ZVGJQ2ybYqOKUPN7L3MP6bFx0KdtP_64Ni4IrQPYEwuiVjMvgQ==',"10, avenue Guy Marin, 77834 Saint Suzanneboeuf",ingénieur hydrogéomorphologue,ClercGilbert102@gmail.com,https://randomuser.me/api/portraits/men/63.jpg,+261 32 5058329,6
35,Da Silva,Juliette,1997-12-07,Antsirabe,b'gAAAAABoWO5GZIs4sX-nQXY3RH0xZIqzXwhu6elK_iNrd1ycQy_qZaDD6LnXj7_7UXnFfN_mWWvNIV6i1rK7CImOZdXBO69OZg==',"2, rue Alphonse David, 76732 Lombard",garçon de café,Da SilvaJuliette455@gmail.com,https://randomuser.me/api/portraits/men/71.jpg,+261 32 6902017,3
36,Duval,Martine,1981-08-27,Antsirabe,b'gAAAAABoWO5GChY9Ch05kAGcQtbz-_Anv2rGo5JHr9qamzP5oCdZ1AJJfGP-11hD8VybiJSZRV3ulh7mCIlBLYqYNs9Lcakryg==',"11, avenue de Bonneau, 80445 Sainte Simone-les-Bains",ingénieur du son,DuvalMartine684@gmail.com,https://randomuser.me/api/portraits/men/12.jpg,+261 32 1343834,1
37,Cousin,Noémi,1951-01-07,Antsiranana,b'gAAAAABoWO5GGTLdQRO1F9dduSKxDR9xuwtFQJy7kOxH7IFfwQeajQzJhFvtfxB7zHFZF5KZ0qYPTLoySBvDsSbWBRymu3fOgg==',"avenue Alix Boulay, 24566 Lefort",assistant réalisateur réalisatrice,CousinNoémi555@gmail.com,https://randomuser.me/api/portraits/men/76.jpg,+261 34 7093863,4
38,Bertrand,Augustin,2000-08-22,Antsiranana,b'gAAAAABoWO5GchKrLyi1ORaG_5IyMRUJ4LPsATHtW95eifp6y3BEn17bFihrBvRWwxjsxWCOOJMZdwJDnFlKzgOJI85y_sxQrg==',"boulevard de Masse, 27335 Sainte Corinne-la-Forêt",charcutier-traiteur,BertrandAugustin684@gmail.com,https://randomuser.me/api/portraits/men/18.jpg,+261 32 5781880,3
39,Rodrigues,Aurélie,1991-12-01,Antsiranana,b'gAAAAABoWO5GWjCjKD87dipYIbKdRIiqcwGVlMnEvzpRKvWKY7HrOc4KsDbUnvzJuubZNFQwyGFwXsuDftFaX9EGHvkkL8K4wQ==',"rue Eugène Legros, 97429 Sainte Aurore",technicien de maintenance en informatique,RodriguesAurélie429@gmail.com,https://randomuser.me/api/portraits/men/68.jpg,+261 34 2903142,1
40,Delattre,Antoine,2002-01-24,Antsiranana,b'gAAAAABoWO5GHjEkCzBaZRIfwK7OhsH-bGSFG16i3PeLWWLXEPSD6_CAnCzDjmHi9_FofNNsmEDl_pIw7kEgp1nvUgukTfZ2Kg==',"61, rue Pelletier, 88130 Lévêque",coloriste,DelattreAntoine120@gmail.com,https://randomuser.me/api/portraits/men/21.jpg,+261 33 5997280,5
41,Dubois,Véronique,1965-11-04,Antsiranana,b'gAAAAABoWO5GOMrMJmL6FVWuDG6f8SeEk1lYsDF8NjFQdIa1frqwiAV0IkTzXqfrp1uW1LCYZpaMbPbDiu6A071hsQXpbt-Mmw==',"rue de Guillaume, 01309 Saint Théodoreboeuf",technicien démonstrateur démonstratrice en matériel agricole,DuboisVéronique492@gmail.com,https://randomuser.me/api/portraits/men/4.jpg,+261 34 7699595,6
42,Laurent,Josette,1966-03-02,Antananarivo,b'gAAAAABoWO5GlIJvDTOgBL2NO7MndGPRg0_Oq1tAZ4x3eEPAdA785fdxF2hr4kFSuYbstUTndlKDzxfya-wzU8qavjoykOInZQ==',"81, chemin Gilles Leroy, 26470 Reynaud",enseignant de la conduite automobile et de la sécurité routière,LaurentJosette966@gmail.com,https://randomuser.me/api/portraits/men/21.jpg,+261 33 4641000,3
43,Collet,Françoise,1978-12-23,Antsirabe,b'gAAAAABoWO5G-vitHOceZUPV92w0XU3NM75n5BduqRJyfptbzmztw2KV8nRrDvD2diGbbz_7ZdgY1cRH-qGzurRNv1ZvfTX6lA==',"2, boulevard de Le Gall, 20485 Marchand",consultant,ColletFrançoise774@gmail.com,https://randomuser.me/api/portraits/women/74.jpg,+261 33 6956200,1
44,Gomes,Danielle,1967-07-11,Antsirabe,b'gAAAAABoWO5GbpiMO1VQt65myvnK73kG8NaBYEm60n6oiFZv4ODv48r5LCbK1_dfkCTzwSk3EccK1mNZE1EH0cCKn5XoT9QVuQ==',"75, rue de Payet, 76121 GarnierBourg",chargé de veille législative et réglementaire,GomesDanielle748@gmail.com,https://randomuser.me/api/portraits/men/96.jpg,+261 32 2225683,6
45,De Oliveira,Théophile,1991-03-12,Mahajanga,b'gAAAAABoWO5GO4RGa27jIApCk5PLnVXlGJXyC3N3SgYD_1m3ZvU9euigdRY5CrckANcE5HnvxuhrrV_l087I7BSNqzm9_sO1Qg==',"64, rue Hebert, 80478 Boyernec",ingénieur forestier forestière,De OliveiraThéophile990@gmail.com,https://randomuser.me/api/portraits/women/89.jpg,+261 32 6336320,6
46,Petit,Arnaude,1978-02-12,Toliara,b'gAAAAABoWO5GRg1cyt5UeW3mva6-l8DsLWKOFZxwvoX0QOZb5wMUBY42hq7V30k40HHKc9NXjB6JVUwLweeAY0XVKUizD1lwYA==',"84, rue Nicolas, 35214 Seguin-les-Bains",technicien prototypiste en agroéquipement,PetitArnaude966@gmail.com,https://randomuser.me/api/portraits/men/95.jpg,+261 32 5935446,4
47,Cohen,Andrée,1959-09-15,Manakara,b'gAAAAABoWO5Gh8f4s2tIk3LkRB7k66mIoF6sxUt7btqFgRXM2W-_gG54mxZU2b33Q_lPqq_OkBNiu8Tpj4ElEyVAPwkgo_EiwA==',"83, boulevard Guy Monnier, 59746 Sainte Olivie-sur-Mer",enseignant spécialisé spécialisée,CohenAndrée47@gmail.com,https://randomuser.me/api/portraits/men/53.jpg,+261 32 5096907,1
48,Martin,Véronique,1995-08-06,Manakara,b'gAAAAABoWO5GoWVfuKYSIeVoZ6x1kUPdtO4-yE2y3pUQ4NbMgqmYSpTXil0v6warxbAoaMCKESpZd-8YSqF1FiS0KS1vWL0J6Q==',"chemin Noël, 97390 Morvan",responsable de site de traitement des déchets,MartinVéronique1200@gmail.com,https://randomuser.me/api/portraits/women/31.jpg,+261 32 2364940,5
49,Meyer,Audrey,1998-08-21,Mahajanga,b'gAAAAABoWO5GvHvhKCfll4DK_eR6JljUQhDBpXxqTd4Qwt3ifyeXxb2U2sAdXVnuI5lTMnNUzkQ1HMeZHmTOiJV7lqZjb6mTvA==',"93, chemin Louise Simon, 16376 Saint Pierre",ingénieur en imagerie médicale,MeyerAudrey686@gmail.com,https://randomuser.me/api/portraits/men/86.jpg,+261 34 9322258,6
50,Laine,Inès,1988-05-26,Fianarantsoa,b'gAAAAABoWO5GC5KTePuZh_tmtGYzrj0CxBq002EJHnldvQJqc9LEk9rzFtcxwZa6Bz7YzTKJnecpQw3C84XKtoCrzYSUUR21jg==',"chemin de Monnier, 36992 Valentin",auditeur qualité,LaineInès550@gmail.com,https://randomuser.me/api/portraits/women/79.jpg,+261 32 8030611,1
51,Da Silva,David,1970-03-14,Mahajanga,b'gAAAAABoWO5G2Zxt3YWsSk8IbbmwVtbtCk_tAI0LUEnvYC6jYGPvfjgPjedxC_rmuVTBjZGjejdcyxAHjbIjNDuKMSRJEMZ5JQ==',"91, rue Mercier, 53981 Carre",nivoculteur,Da SilvaDavid663@gmail.com,https://randomuser.me/api/portraits/men/79.jpg,+261 34 3730200,2
52,Lucas,Henriette,2005-08-30,Fianarantsoa,b'gAAAAABoWO5GfM08FvqNtmfi82sncIFo-k6v-Gnm-ZCs13BYaX52Yv9CrQH4gFL3RgyNC-6815hjFHCiR9H2LHMcL5O7Zd9nRQ==',"7, boulevard de Antoine, 94897 Klein",ingénieur technico-commercial technico-commerciale en informatique,LucasHenriette1144@gmail.com,https://randomuser.me/api/portraits/women/33.jpg,+261 32 1692667,6
53,Guichard,Hélène,1953-03-25,Antananarivo,b'gAAAAABoWO5Gb_3F6GSigGOLdV_7FZQHv7UdqrIXgR-RzExgWUaNTMwDxSPZKt2NpI-VwvX_vNj_0HLHBKS6gaTNyO5I3kc16Q==',"rue de Weber, 51705 Joly-la-Forêt",horloger,GuichardHélène318@gmail.com,https://randomuser.me/api/portraits/women/92.jpg,+261 34 3991732,4
54,Lefort,Christelle,1990-12-21,Antsiranana,b'gAAAAABoWO5G6mzoUdFYkv50AoEgVSH35ulFS8JA8s7588dbHckQDLv73tVnfseYDOU7fTTVf41KrwwxA4hc2JE4-65DZdiuQw==',"68, rue Capucine Ribeiro, 19863 Roux-sur-Mer",agent de développement local,LefortChristelle810@gmail.com,https://randomuser.me/api/portraits/men/87.jpg,+261 33 3406376,5
55,Monnier,Charlotte,1987-09-08,Antsirabe,b'gAAAAABoWO5GcOJvwOZUGMFptmLMF_eDzvT05-3HBBO0T6dnYZyWMrMYdkA_vAuySofKZjZ4hbHpxVdvrU4u5z-y2tt3j6B6zQ==',"2, avenue de Robert, 46142 Saint Richard-la-Forêt",vendeur-conseil en matériel agricole,MonnierCharlotte990@gmail.com,https://randomuser.me/api/portraits/men/27.jpg,+261 34 9056001,6
56,Dumas,Guy,1973-08-29,Mahajanga,b'gAAAAABoWO5Gbpi6t2zev7vV7qUXgh3rgnfSYt46sZbXBBae6wO6QGty1y2TBZvCiGxbPASOZGJo-ryDMSfa-pBz1atbBwf8bA==',"avenue Michelle Rémy, 49272 De Oliveira",soigneur d'animaux,DumasGuy336@gmail.com,https://randomuser.me/api/portraits/women/1.jpg,+261 33 3753631,1
57,Torres,Bernadette,1954-08-15,Morondava,b'gAAAAABoWO5GOvqQhA9ruLTDwqr4nQwQPALDeWRSOifxwlyXMeCPrrsGWZ38o-DIO2HhNE_cRjIzmbDfADopMRCtaMi3Qmq7KQ==',"68, rue Lemoine, 56457 Launaydan",ingénieur en acoustique,TorresBernadette1368@gmail.com,https://randomuser.me/api/portraits/men/29.jpg,+261 34 8044573,2
58,Chauveau,Matthieu,1961-03-05,Toamasina,b'gAAAAABoWO5GSMJdzEPROXYxrNEntq9hyQVRsgjhijp2BGu9hxK8cbeky0Z7SHh3mccX64q6gt-BRUM31HJiv1eCQSVlOpmehw==',"106, rue Lemoine, 46158 Rey",responsable des produits structurés actions,ChauveauMatthieu406@gmail.com,https://randomuser.me/api/portraits/men/98.jpg,+261 32 1601159,5
59,Léger,Juliette,1946-04-07,Fianarantsoa,b'gAAAAABoWO5G04uZqG9O5QHmvSj6mAEHwGGOL0Hr5S-UCau9MROWjVm0vo93Qy66N0YEx5KC-ZgpWTOd0_ZF9q-8TYza1pG8KQ==',"17, boulevard de Chartier, 83660 Blindan",microbiologiste,LégerJuliette649@gmail.com,https://randomuser.me/api/portraits/men/90.jpg,+261 32 8362915,2
60,Adam,Maryse,1999-03-18,Antsiranana,b'gAAAAABoWO5GQRZ-jYXkm9BnSGEAPjvbRIIR1foWgJkovRHi5MIm6wrkfrZzwuQ-7QtGIjircboEMYs3n6_rUegJW3p2CtkJIg==',"10, rue Marty, 01396 Saint Christophe",ingénieur production en aéronautique,AdamMaryse420@gmail.com,https://randomuser.me/api/portraits/women/35.jpg,+261 34 9831915,3
61,Bazin,Matthieu,1988-06-09,Toliara,b'gAAAAABoWO5GfGcS3Rqh_y-IN2GQJbYq793XbwV8LgYTEwRFNpkF3nfbF1HLlHjx1XwPOdZn65sxHKTanmHp8paJC0O_NK_MlQ==',"25, rue de Julien, 41648 Germain-la-Forêt",agent de propreté urbaine,BazinMatthieu1342@gmail.com,https://randomuser.me/api/portraits/women/15.jpg,+261 33 7535349,6
62,Barbe,Benjamin,1960-05-08,Antananarivo,b'gAAAAABoWO5GunFsMLo-1zKEgTrFCxBwjRhgI6fOfV1E04IlQXiDwKyqr-AegJBRkLJZkvgWBa8tBFWIW9kzR3emrCO9-qtSaA==',"boulevard Perrot, 24957 Deschamps",technicien biologiste,BarbeBenjamin744@gmail.com,https://randomuser.me/api/portraits/women/22.jpg,+261 32 7198491,3
63,Chauveau,Nathalie,1975-06-26,Toamasina,b'gAAAAABoWO5GS1iOZAw5ZLydFzJLYMUijUG9oF_Obst9PxQ41SPKM02jyPUcUyy8lXohN8RJ_nVhyeJ77v6PJCSTVmSz0uj4xA==',"84, rue Benjamin Schneider, 70174 Sainte Clémence",vendeur en animalerie,ChauveauNathalie1260@gmail.com,https://randomuser.me/api/portraits/men/65.jpg,+261 34 9254616,5
64,Navarro,Benoît,1990-07-25,Toliara,b'gAAAAABoWO5GgmeQchB9GNjIVAIDoVjiY358dJ9XPnUchI1e0emUSej-uGz69WJXgA-PFqr1svUXb_PvEBcf4EpvkIOHDGdyaw==',"21, rue Perrin, 97229 Benoitdan",responsable du back office,NavarroBenoît320@gmail.com,https://randomuser.me/api/portraits/women/19.jpg,+261 32 1658330,5
65,Garnier,Thérèse,1992-07-31,Fianarantsoa,b'gAAAAABoWO5Gtg2XR5MB2oK7W_7iwyfDi6xgSSOqTxFFznlCWJJwdz3aQHN0B1jPWpkZA5cGWm13BSp1ywqibiRl9JXZRsP6jA==',"rue Camus, 28231 Benard","garde (chasse, pêche, littoral, rivière, parcs nationaux)",GarnierThérèse845@gmail.com,https://randomuser.me/api/portraits/men/25.jpg,+261 32 7156763,5
66,Gay,Franck,1973-05-01,Antsirabe,b'gAAAAABoWO5GweMPJfv-gsZE68bvCUxZdY4GHdI7D9ajfj6B0CF11IO8tpS74wAAkaTuiC-AEVBf3PoTq9WFrHapk-gmsmLYyQ==',"97, avenue de Regnier, 81367 Grondin",administrateur réseaux,GayFranck990@gmail.com,https://randomuser.me/api/portraits/men/73.jpg,+261 33 5562169,5
67,Lemaire,Laetitia,1947-12-08,Mahajanga,b'gAAAAABoWO5GJyze5mwDKNuvINazdm8ITdwwGiFxPzsghcFW0pXNcDTXEyQLSTpEgNK7muRvWdEmSx420HNEcHG_GRYpjo02mg==',"43, rue Nicole Regnier, 65538 Saint Alice",serrurier dépanneur dépanneuse,LemaireLaetitia938@gmail.com,https://randomuser.me/api/portraits/men/65.jpg,+261 32 8645993,5
68,Maillard,Georges,1983-04-28,Manakara,b'gAAAAABoWO5GJKXM3Wh_97eRR6BRaeqUxJQZ83zRDGGRlH_Vc8h5xmZ1IGXfAwH-xX9v7X757Sg_A7VQ_0KFwm8CqOq6qq1EDA==',"443, boulevard Le Gall, 86435 Besson",régisseur général générale cinéma,MaillardGeorges272@gmail.com,https://randomuser.me/api/portraits/women/64.jpg,+261 34 8728208,3
69,Voisin,Sébastien,1957-10-19,Fianarantsoa,b'gAAAAABoWO5GCQT8hTzhfoaIB1yU-pwkRGH9b5cLJNid3UBJPpZBSiZIrag0xvs9fmCnnDcHg7C7n0XQCq61qOeiK4X_M_zOoQ==',"boulevard de Millet, 46699 Saint Anastasie",chef de projet informatique,VoisinSébastien138@gmail.com,https://randomuser.me/api/portraits/women/48.jpg,+261 32 6934668,4
70,Schmitt,Danielle,1944-11-17,Fianarantsoa,b'gAAAAABoWO5GYcokE57mF0YXQ7dHp5BKrwjSJYRdkAa6ffu3IeYyyZkMohnTF0Hgtz3oGfQnSfMORXgQoZ_wdVnpB2ue4IjvFg==',"49, rue Rey, 97259 Raynaud",responsable approvisionnement,SchmittDanielle70@gmail.com,https://randomuser.me/api/portraits/women/16.jpg,+261 34 5796503,3
71,Payet,Louise,2002-04-25,Toamasina,b'gAAAAABoWO5GPOIBZtSaUCEyq1ZODrKbx13LMj4bilayeVfNokLcUXbTkm6T93we6iIITyVq3ELofjMlG6alRmmR3mGWnTOyhQ==',"9, chemin de Camus, 58416 Saint Frédérique",sous-officier de l'armée de l'air,PayetLouise1775@gmail.com,https://randomuser.me/api/portraits/women/3.jpg,+261 34 7224896,5
72,Goncalves,Margaud,2001-10-20,Antananarivo,b'gAAAAABoWO5GbFsH7D2ZsZz1CEHWxLOAS2-YqBq-QNtbfMoQVElI_6V5pU4sGz9AutIXQsiY8Ocgi1J8RcjZYUvUbbckQ34vxw==',"51, boulevard Maréchal, 90295 Klein",ingénieur de recherche (papiers cartons),GoncalvesMargaud720@gmail.com,https://randomuser.me/api/portraits/men/30.jpg,+261 32 5570894,1
73,Lopez,Marc,1939-09-08,Manakara,b'gAAAAABoWO5GldN4L-tizx8ocCqIMpDjTG24mGauo8PjBOhyjWwO7czpqwzJvbHerALdgWcDRsKpTPKjZIM9i0d0secpQgoREg==',"85, rue de Bertin, 44787 Schneider",administrateur territorial,LopezMarc730@gmail.com,https://randomuser.me/api/portraits/women/26.jpg,+261 32 3711448,1
74,Hamon,Henriette,1942-05-24,Antsiranana,b'gAAAAABoWO5G37Q-lG6qSwxYNXUFTn901BuQ21PnQS5wKLGX185qVQI4sQtg71CjKVvkjFu0YdeQgKnbxv8jTV9EnDD-1B-sOQ==',"8, rue de Laurent, 30146 Saint Marcelle",gestionnaire de contrats d'assurance,HamonHenriette370@gmail.com,https://randomuser.me/api/portraits/women/43.jpg,+261 32 6719673,4
75,Mercier,Valentine,1942-12-20,Antsirabe,b'gAAAAABoWO5Gri4wT_QPMH74pAiM3hO3yKCM_L3OspQgvUD43Kl-GswaMCte_1GjEVIB7QKzKYD4Ot1CfOj5P6lVx64mot0Akg==',"42, avenue Guy Pelletier, 39281 Petitjean",éducateur de jeunes enfants,MercierValentine1125@gmail.com,https://randomuser.me/api/portraits/women/28.jpg,+261 32 1097475,1
76,Lejeune,Alex,1935-10-14,Manakara,b'gAAAAABoWO5G5mI45lt9leO_wqVc-PY1B3yOLttN3I4VRmE4cVs1rV9YaFK9pSSX6Ws0wKt42_hUMPiYTHutBIFxTw5lKSlnxQ==',"187, rue de Lejeune, 49275 Saint Laurence",statisticien en géomarketing,LejeuneAlex1824@gmail.com,https://randomuser.me/api/portraits/women/96.jpg,+261 32 3482304,2
77,Buisson,Zoé,1954-08-22,Fianarantsoa,b'gAAAAABoWO5G2a9NSCZ5Ah0-4sRR9H-CWmGZm8Us6dSLixvyeKuwxvDxrBaIej4b_yCgd8u0KPls1BRIyMDyDXmhmjggqIsGNQ==',"42, rue Bernier, 97697 RoyBourg",ingénieur production dans les biotechnologies,BuissonZoé1771@gmail.com,https://randomuser.me/api/portraits/men/44.jpg,+261 32 9378065,4
78,Joseph,François,1996-09-28,Antananarivo,b'gAAAAABoWO5GzLx4hfm7Dt-Psf3XHdG5sbNiOpe7Ds_GDgEgZuOTFocx1azIpK3thUv4X76b2xfqbz_hzc0ZOwHbi-RL9JgewQ==',"604, avenue de Michel, 80137 Blancboeuf",enseignant de la conduite automobile et de la sécurité routière,JosephFrançois1092@gmail.com,https://randomuser.me/api/portraits/women/11.jpg,+261 33 6754058,5
79,Leconte,Henri,1996-10-28,Mahajanga,b'gAAAAABoWO5G--jMsf5ULsNEbin83JLVVS470ATZ5sTqYhZGLgSMh-dMO9ogoSDe8MGMdbegSxMeG0KsJ2kxOk7rAZ6TycsOjQ==',"72, chemin Suzanne Teixeira, 50115 Laporte",employé de restaurant,LeconteHenri79@gmail.com,https://randomuser.me/api/portraits/women/31.jpg,+261 32 4847970,3
80,Dias,Charlotte,1939-03-25,Fianarantsoa,b'gAAAAABoWO5G04HqqzpmuUIJ9ylSGV3WM42sFQtb3F0YvjrbXd3-80Q1NKwart3TGdCqqvz3fddaNP_NdHlP3tyNCFb-HE6wDA==',"8, rue Anne Perrot, 63152 Sainte Nicole",agent immobilier immobilière,DiasCharlotte1200@gmail.com,https://randomuser.me/api/portraits/women/50.jpg,+261 32 9905375,6
81,Adam,Maggie,1973-11-29,Toamasina,b'gAAAAABoWO5G5mYrsa3BsLAxHQbuSQk0XmPAAnn8G7cM8JYb0OR0rlXZJkLy-LoBZvhyuRvPCT9GHXZDAEkf6AFE4wy_29cw9w==',"556, rue Moreno, 42924 Coste",technicien céramiste,AdamMaggie1701@gmail.com,https://randomuser.me/api/portraits/women/15.jpg,+261 34 1284514,4
82,Fouquet,Élisabeth,1982-07-26,Mahajanga,b'gAAAAABoWO5GGbzyBYGPgBVnjMcz3xOOt-PlF4eSgp0HAcf5_sjl-tcw80x-p6qZsHmGQWas886XPBcZRhqpxJdUo1JgGO9SNw==',"10, rue de Barre, 46398 Breton",mixeur son,FouquetÉlisabeth328@gmail.com,https://randomuser.me/api/portraits/men/98.jpg,+261 33 2321309,1
83,Antoine,Joséphine,1993-02-18,Mahajanga,b'gAAAAABoWO5GCdvgOJaQ2QL7qrJRm5pl949PGDJwE3s3IIz4F0EWX4NbdBAFZ5Ca648-YdDS6yMu6Pr95TvH0NC_CgRwPKrfZg==',"boulevard Bertrand, 56228 Petit",urbaniste,AntoineJoséphine1494@gmail.com,https://randomuser.me/api/portraits/women/60.jpg,+261 32 7844087,2
84,Voisin,Margot,1969-07-14,Manakara,b'gAAAAABoWO5G-yEox6t3e6AKgN6jtKwaK7zth9OO8SLRJYLaqgahaeMSyOZKHbMAI3gJHqtop390Pxw1jczck-h7okCFeXlvBQ==',"avenue de Lopes, 22642 Andre",staffeur-ornemaniste,VoisinMargot504@gmail.com,https://randomuser.me/api/portraits/women/93.jpg,+261 33 8102970,5
85,Riou,Hugues,1949-06-14,Morondava,b'gAAAAABoWO5Gcz-ehylWAzne2aJyHUH2GQIn7l9fGL-8FgVsdpRSHrI2Gp71m6tyxPtYezQI5oS4iAhO19SE-15E5QWcAmni_w==',"54, avenue Merle, 91387 Tanguy",officier de la Marine nationale,RiouHugues2125@gmail.com,https://randomuser.me/api/portraits/women/18.jpg,+261 32 4630435,3
86,Lenoir,Timothée,1981-01-21,Manakara,b'gAAAAABoWO5GanHeCNMqWXUsOBvPws24NSOo5S_Adf_6EuJMYJmKQdNZmzHO8Qfuc7A7scXz5jB-pCYEV1DvsmlJorfz8IBCjQ==',"12, rue de Peltier, 89900 Jacob-sur-Alves",juriste en droit social,LenoirTimothée1290@gmail.com,https://randomuser.me/api/portraits/men/30.jpg,+261 33 5717406,5
87,Da Silva,Gabrielle,1990-07-01,Antsirabe,b'gAAAAABoWO5GQw5yq3Wi6wzDVz8yIJ5Mry85Ols0p2c89ZpGVxvFCLMAeDTHoAaNDer_gRgMh-_3wgx_qecywHapZp_BwE3Ang==',"boulevard Hugues Bazin, 24746 Techer",technicien packaging,Da SilvaGabrielle870@gmail.com,https://randomuser.me/api/portraits/men/99.jpg,+261 32 4339880,3
88,Mahe,Alfred,1968-05-22,Antsiranana,b'gAAAAABoWO5GgdBpGvmlj9DTCeH1lsfLoIdW48raOIH9sHyw-lhpHd7G2JFVsMn_mbm0Wd8h2f_gsjhjG8Vei5OF9gUXs_4cXg==',"26, avenue de Gomez, 95830 GrégoireBourg",concepteur de niveaux de jeu web,MaheAlfred88@gmail.com,https://randomuser.me/api/portraits/women/10.jpg,+261 33 9246078,5
89,Gaillard,Brigitte,1943-05-09,Toliara,b'gAAAAABoWO5G-3xXo4ChrQR8PtqVA4YYU5U7zyZRGuWZhb29pa21fsT-2-U0Ogs8OIBVMRznLF-avgKCx-cf0hdlu6zSoyvJGw==',"54, chemin Juliette Millet, 12414 Sainte Alain",céramiste,GaillardBrigitte2136@gmail.com,https://randomuser.me/api/portraits/men/59.jpg,+261 32 4670655,2
90,Renaud,Paulette,1988-08-17,Antananarivo,b'gAAAAABoWO5GXvQany4KqHgiKOWmHiUbfV9d_HNpbJi6U3XSx_0iHjKcytwyT4zKz_MUtu6a4NANqTow0nUcomFNVuF1N54L1A==',"80, boulevard Gilbert Thibault, 90385 Laurent",ingénieur en imagerie médicale,RenaudPaulette90@gmail.com,https://randomuser.me/api/portraits/men/77.jpg,+261 34 2659912,4
91,Reynaud,Dorothée,1952-11-22,Antsirabe,b'gAAAAABoWO5G4Qyj4PYgdBYWDg5Re8uoM6DA7QbGBGXk3MTsHKXfLaiz_jd7Ogfqhp5t7PxSiuffmp963_8jTDQLUNw5wC8wvw==',"chemin de Alves, 01171 Wagner",carrossier,ReynaudDorothée1456@gmail.com,https://randomuser.me/api/portraits/women/35.jpg,+261 34 2715803,5
92,Leconte,Élodie,1998-08-04,Morondava,b'gAAAAABoWO5GOHRM-yt39Ea1gT8RmYcxpgTU9LatPBbxCD2QAcouFBe8FnqmTcVR5N8ri1dJzhibyrGyEk2meeoVsWJc0U-Q1w==',"6, rue Paulette Bousquet, 35516 Valentin",chef de mission humanitaire,LeconteÉlodie460@gmail.com,https://randomuser.me/api/portraits/men/35.jpg,+261 33 9140155,4
93,Antoine,Thibault,2004-02-02,Toamasina,b'gAAAAABoWO5Gb3bHNwbnRzGxpvIbrdNJy2QmejXLZQvIExa3wfstTZ3QKeBrhnfiegFoOt6tP4SCjXGoH78VxG8MkOCgwawTjQ==',"82, rue de Chauveau, 66144 Blotnec",commercial à bord des trains,AntoineThibault558@gmail.com,https://randomuser.me/api/portraits/women/78.jpg,+261 34 6261993,4
94,Barre,Susanne,1945-09-28,Manakara,b'gAAAAABoWO5Gw1eMP6kZ3iZSSVRchSti44SPITaz-_ClXr0SRUOnrPXmvdRd536UVxX3fJm8WgGN48bxzBgMSBP-y_V3whVIoQ==',"44, chemin Martine Neveu, 32901 Blondel",intégrateur web,BarreSusanne1222@gmail.com,https://randomuser.me/api/portraits/women/18.jpg,+261 34 6784238,6
95,Meyer,Olivie,1995-07-24,Antananarivo,b'gAAAAABoWO5GRBqMne7tNI0iQ5bcodWPhIUpsyqAk-sNGObzJafNKbsowpOAS-8T0TTTARFK77VGCRzKmzZCGr3X5eaOvIKryg==',"boulevard de Schmitt, 82624 Sainte Thérèse",assistant en architecture,MeyerOlivie570@gmail.com,https://randomuser.me/api/portraits/men/7.jpg,+261 34 5345301,3
96,Olivier,Madeleine,1996-08-11,Mahajanga,b'gAAAAABoWO5GBJGpBgYrpm4WikBggeTqC3JwkzugjFEv0N-rd_xgubdOFodGDyNk3YT1XcQ5dYmPO4RsyIJCPNbmsQz0Y3p6WQ==',"325, boulevard Bertrand Devaux, 11940 Le GoffVille",attaché de presse,OlivierMadeleine480@gmail.com,https://randomuser.me/api/portraits/women/96.jpg,+261 33 2009031,6
97,Duval,Aurélie,1982-06-04,Toamasina,b'gAAAAABoWO5G4UcaY_6E2e1PCT0sbT7jrz0jiZaHwupJkBEP7806dmJmh0ofRSGjL6oqeFpjC1xBtBPD2n5VgasQrZwZPErsaA==',"68, rue de Dufour, 40123 Peron",chargé de pharmacovigilance,DuvalAurélie1164@gmail.com,https://randomuser.me/api/portraits/women/98.jpg,+261 34 9921725,5
98,Moreau,Yves,1960-10-15,Fianarantsoa,b'gAAAAABoWO5GDovAUt75K4AJ0oCbLwh9GV8Uc1DHnDIgTbNh5qVGmFhDSTlThUrVQqL8k-Cvnq9ipDI_6sAvb0LqJE_sK3snFQ==',"5, rue Joséphine Gosselin, 91272 Garnier",ingénieur forestier forestière,MoreauYves1666@gmail.com,https://randomuser.me/api/portraits/women/96.jpg,+261 33 1338469,4
99,Vincent,Brigitte,1982-10-15,Toliara,b'gAAAAABoWO5GYnsovUk91fbNUBXh8Ac9rxTtxvF0WFtb9HlM0nrw0dqjnlQpTkWm-w5vDFWHVwexWZMFZybW0Ane_WXuCn3BAw==',"89, rue Antoine De Sousa, 33295 Andreboeuf",bio-informaticien,VincentBrigitte99@gmail.com,https://randomuser.me/api/portraits/men/9.jpg,+261 32 5092457,2
100,Denis,André,1982-03-20,Antsiranana,b'gAAAAABoWO5GaQas6cpKDV9osRQQ3jkjzXpLVr6XR23fFWV2vHkpUcQRWFmpb34MBQdVL78Gu0KGU1DNuCnG0vgUWyZbEPBWuQ==',"19, avenue Sophie Lenoir, 95992 OllivierBourg",animateur nature nature,DenisAndré200@gmail.com,https://randomuser.me/api/portraits/women/43.jpg,+261 33 5149194,6
101,Regnier,Andrée,1970-03-02,Toamasina,b'gAAAAABoWO5GpIa53qM6Ip7CCXRxaJB2dXU4jExC9dLnw3sbQe7GtYHy8xJ9NGkf_AKHhF1obMd7ZK9XsrV0fgpwfmsQfOAvPA==',"611, rue Charlotte David, 20628 Da Silva",BIM manager,RegnierAndrée1515@gmail.com,https://randomuser.me/api/portraits/women/11.jpg,+261 34 6701065,6
102,Mallet,Yves,1955-10-28,Antsiranana,b'gAAAAABoWO5Gokkf3sFTYTD3ZnNaYIcHz0znrzLK9TQkJg_p-eUnL54ULXEtdyzfUkMDlO_6e1IYlELpXV1oZPypsNkmlPiW0w==',"42, chemin de Laurent, 61740 Bertrand-sur-Mer",cordiste,MalletYves1224@gmail.com,https://randomuser.me/api/portraits/men/68.jpg,+261 32 9479397,2
103,Bousquet,Roland,1979-03-12,Mahajanga,b'gAAAAABoWO5GNMMHbeTWoQiD7fYUSU6hplzfhofJaqEW3bv8GjYEEV-J233DaHm5qerweBT2RzInj4KBuxhi1UZd83Hna2sW-g==',"33, avenue Aimée Moreno, 18495 Pires-sur-Richard",chef des ventes,BousquetRoland2575@gmail.com,https://randomuser.me/api/portraits/women/90.jpg,+261 32 5525460,5
104,Guillon,Aimé,1987-07-17,Manakara,b'gAAAAABoWO5GN_Avy5jeEcJqifBp7OwMr5Xyx8zWHlwhu3Okgzf28V8JinKDbBc5tQp2lD3Ml2jU6eJxK8w3zCwUum1FjAxZUg==',"1, boulevard Adrien Morel, 07895 Saint Renée-les-Bains",technicien chimiste,GuillonAimé2080@gmail.com,https://randomuser.me/api/portraits/men/37.jpg,+261 33 5518794,3
105,Gillet,Simone,1938-01-27,Mahajanga,b'gAAAAABoWO5G7nDmItOxEr3d0D6MjGcMsJgGMbBr_85dfdMTzZiL0E4NLSzcUyC2xVZ47K77WOqruoUuJZn6k0byHy2riJ8fxw==',"353, boulevard Martin Joubert, 51174 Cordier",professeur dans l'enseignement agricole,GilletSimone2520@gmail.com,https://randomuser.me/api/portraits/men/6.jpg,+261 34 6997611,1
106,Delmas,Adèle,1947-08-13,Antsiranana,b'gAAAAABoWO5GS-VLwfSz40HbFUJoTAwR1PeBBD62Y-BOblm0H_TF-B99VHkcrC4mK6eq1mf2uDlAt1Ycqnp7BSmW4Gf17jl-zw==',"77, avenue Dupuis, 82592 BlinBourg",data manager,DelmasAdèle1908@gmail.com,https://randomuser.me/api/portraits/women/93.jpg,+261 32 5506827,1
107,Baron,Édith,1985-01-28,Fianarantsoa,b'gAAAAABoWO5GGlVoQFeAv3-x6Lf_W6LQ4ThCfIxXOzTIi35FYioIL6kxsNAxl9796uoYJtWEnhW9f59QT2Mf5X6kQEmFLPPYTg==',"573, boulevard Lebrun, 50741 Saint Guynec",agent de développement touristique,BaronÉdith856@gmail.com,https://randomuser.me/api/portraits/women/44.jpg,+261 32 1744251,2
108,Lecoq,Astrid,1987-12-23,Fianarantsoa,b'gAAAAABoWO5GhwaFA2wLNvfKrhO87LPcOtpoIAkjYlvrNs9r_oA6inviVyV2YYNd5fh90Cyb0Cc7M7A7XMbQ3_t5QpI4b0FjlQ==',"avenue de Texier, 59265 Leblanc",manipulateur en électroradiologie médicale,LecoqAstrid1188@gmail.com,https://randomuser.me/api/portraits/women/11.jpg,+261 34 1772791,1
109,Bouchet,Hugues,1973-02-01,Toamasina,b'gAAAAABoWO5Gi-R4ePeyI6aUKTWAauXH6erSjH30b1ZhRFLvWKB4vDmu4asx6VrY2N-B-J1tCznovkbWqnC7GIAi7rBvA8hkew==',"62, boulevard Odette Vincent, 25998 Schmitt",vendeur conseil caviste,BouchetHugues1090@gmail.com,https://randomuser.me/api/portraits/men/72.jpg,+261 32 9083452,5
110,Guillon,Victor,1974-10-07,Antsirabe,b'gAAAAABoWO5Gib9gzLIPDNjK8_0-B61ZMszhaPXUoviJkFbwb7Ee4GSDuGNwHvQb5dProCka3yCqiLBFtBGHla4O4PjkGpQ1HA==',"5, avenue de Fontaine, 87520 Mallet",vendeur-magasinier en fournitures automobiles,GuillonVictor220@gmail.com,https://randomuser.me/api/portraits/women/76.jpg,+261 33 4961260,4
111,Guillaume,Adélaïde,1952-09-25,Toamasina,b'gAAAAABoWO5GJFDOB3cpdRMMJyB0W0qfpnIJfUK5wc-zHgJkdq-mgUfN9AXeBz1DXphjwqz6pbl1aeDAa8Po2ig7RjQ8yu41aw==',"chemin de Gaillard, 04540 Chauvin-sur-Barthelemy",assistant réalisateur réalisatrice,GuillaumeAdélaïde222@gmail.com,https://randomuser.me/api/portraits/women/55.jpg,+261 33 3770163,5
112,Clerc,Mathilde,1945-01-24,Toliara,b'gAAAAABoWO5GNOzYaeR3kOOrJ7CXDprv8YV8pU8zSVQZnCiYsH3FO1nI-KctV1IKtHFi-U5Lt6NOQEvrfMrcgZNo-MdTKtDv1w==',"322, rue Dumas, 04637 Teixeira",huissier de justice,ClercMathilde1008@gmail.com,https://randomuser.me/api/portraits/women/30.jpg,+261 32 7338758,2
113,Ferrand,Nathalie,1973-09-04,Antsirabe,b'gAAAAABoWO5GZXOaq7LlwKJ9gwc5540p8M1fz3htXoS-Zep5U8Aqtj2S0xxQiDVYKMB7qP9XZfdEDHdm48HOAEeZhC5LWaUXTg==',"7, rue Zacharie Techer, 64439 Lemonnier-les-Bains",ingénieur cloud computing,FerrandNathalie2825@gmail.com,https://randomuser.me/api/portraits/men/89.jpg,+261 34 9708173,1
114,Rousset,Noémi,1976-01-07,Manakara,b'gAAAAABoWO5GbW2CTP5z62nvX5b6GAletMqUSC4lH1UdtJ9PYQ-ERXAEuCiAoa4fI8ucVcqGSmGD1r-ukVDxZbghplwvvWLVTQ==',"86, chemin de Lejeune, 52932 Saint WilliamVille",puériculteur,RoussetNoémi1140@gmail.com,https://randomuser.me/api/portraits/men/69.jpg,+261 34 8744304,4
115,Valentin,Luce,2004-11-08,Toliara,b'gAAAAABoWO5G08e_U9GfmmN0qbt0TIvMMbVlrLCpZb5-iaYgQPhswKp_YcgUFeXGg953OT_bOHlBBo8w_LV06J_lvI40M_bReQ==',"99, chemin Lagarde, 93729 Mallet",auditeur qualité,ValentinLuce2300@gmail.com,https://randomuser.me/api/portraits/women/95.jpg,+261 32 5690124,2
116,Da Silva,Alain,1950-03-07,Toamasina,b'gAAAAABoWO5GzR-Xy0Yg8t_mXJblYTeLJg_tE9LP2jByS1s4c-THxnPfL8JESKREWHe7tBjFqNKRNzPNBhGlNRtzQ9TsK_lzYA==',"25, avenue de Tessier, 74813 Martineau",maître-chien,Da SilvaAlain1856@gmail.com,https://randomuser.me/api/portraits/men/88.jpg,+261 32 7845420,5
117,Diallo,Michel,1956-02-14,Antananarivo,b'gAAAAABoWO5GJG543piuWJJHN_MaTcHOpExu9ybBrbzWYx2LfsDlEZMQWV-fUcVBDCWq6AGuSCZ9CF7NSHp81BkRyprjyafvDg==',"30, avenue de Raynaud, 84313 Neveunec",directeur d'hôpital,DialloMichel819@gmail.com,https://randomuser.me/api/portraits/men/28.jpg,+261 33 3901432,6
118,Lefebvre,Jacqueline,1952-09-30,Fianarantsoa,b'gAAAAABoWO5GCZT9uRyYABdAaSOnE22oldb4NLU3QqML3HrICHHByi_Epf6mXQwziR28fOu4jw8L_0N9o24kIyVmQbhfSQuccQ==',"19, rue Lucy Pruvost, 51442 Guillou",inséminateur,LefebvreJacqueline826@gmail.com,https://randomuser.me/api/portraits/women/95.jpg,+261 34 2076048,4
119,Fournier,Christiane,1948-04-30,Morondava,b'gAAAAABoWO5G92Ts4bGCWJ6zf-R4u8RrwzzEKF5m9ANCnpJOndimN2Y8vYExtlkygRSSCunHjVk-zLPlJqPsx_LTVMmvQQkd5g==',"78, chemin Jules Rolland, 69473 Hernandez",responsable de site de traitement des déchets,FournierChristiane2261@gmail.com,https://randomuser.me/api/portraits/women/50.jpg,+261 32 6175699,3
120,Meunier,Cécile,1943-11-05,Antananarivo,b'gAAAAABoWO5GRGC8tRqinD6y-9zx2Gnnl6qq5J7e3tRNZmfLaSmp59qVMcFY5jOx2zwVCZxCqv6dxXJzhl2Vj5FUjj9Z9sUILg==',"79, rue de Aubry, 61335 Sainte Guyboeuf",bibliothécaire,MeunierCécile2160@gmail.com,https://randomuser.me/api/portraits/men/57.jpg,+261 34 8722597,2
121,Dos Santos,Margaux,1942-03-11,Morondava,b'gAAAAABoWO5GcTc2Grci3NhS-lIhzCpM5bfLWrNxIlRvu79yGQEPxagipKaCnx-DiKnbfJIZkrYypNrTockdjpQ6lFbifqviyw==',"130, boulevard Martine Faivre, 77602 Sainte Gabrielleboeuf",géologue minier,Dos SantosMargaux2904@gmail.com,https://randomuser.me/api/portraits/women/13.jpg,+261 34 3906181,6
122,Pereira,Marianne,1935-03-05,Fianarantsoa,b'gAAAAABoWO5Gf6P2epvQLdXaXWe-WbdVL8GuuFRc8wMQRiIcDwJtq6VhYif3jvWS0v2gV3NcntD6z0iz6MFftftKR7CEIFKOOQ==',"54, rue Costa, 45621 Robin",attaché commercial commerciale,PereiraMarianne1342@gmail.com,https://randomuser.me/api/portraits/men/56.jpg,+261 33 6590277,3
123,Schneider,Henriette,1991-12-13,Antananarivo,b'gAAAAABoWO5GvDV9MeEIjN0qCWaP4uuxk7w-uSW9SbnJOXIxOBVMS87SLYvn4av1m_6-psPBCa2ThkLkxIlcG5TN2q-ZrPqR6w==',"36, chemin Bourgeois, 95894 Delmasboeuf",développeur informatique,SchneiderHenriette2829@gmail.com,https://randomuser.me/api/portraits/men/81.jpg,+261 34 9540963,1
124,Jacob,Juliette,1952-01-30,Toliara,b'gAAAAABoWO5GcQUo0NXELAdLDJEGeWw9QPQqQnm3G3HL04-Fh3HLX3YOUvPrx_YpwTApVz73f9CUWk0V3I-0lkGrdqShmMRLFw==',"88, chemin Lefort, 45542 Pelletier",ingénieur en production et expérimentations végétales,JacobJuliette3100@gmail.com,https://randomuser.me/api/portraits/women/32.jpg,+261 32 4851560,6
125,Gosselin,Pauline,1973-01-02,Toamasina,b'gAAAAABoWO5GxLOWHNpZpLjz_7l6VPgY5LMx_xGcdfVz9PktVxGdfBzi70g9l98jFt4ly-iOWlPQt6ZjpZgoBJ5fszDQYK5MEw==',"81, chemin Berger, 95291 Didier",consultant en systèmes d'information,GosselinPauline1750@gmail.com,https://randomuser.me/api/portraits/women/52.jpg,+261 32 9174164,6
126,Masson,Maggie,1986-09-22,Fianarantsoa,b'gAAAAABoWO5GfBAIOgmyCl9v9QAnqfsCBff8VZgdeZAw-AljKw9f7HXzBWDRlQiJyUbpjzAz4bkBP1EgSOdA0z8WzIe04Q1v9w==',"479, avenue de Gaudin, 39598 Gomes",météorologiste,MassonMaggie2268@gmail.com,https://randomuser.me/api/portraits/men/99.jpg,+261 34 3288767,1
127,Pottier,Adrien,1946-12-25,Antsirabe,b'gAAAAABoWO5GMRX0Ymp-b-fk1SFFXHkUw4m935_IUHeK6wTn7m1LoG2LclOu69AV-aPNdVNgEd1YnVEd64YR-DGUP5NSfFMP5g==',"73, boulevard Pires, 06516 Sainte Lucboeuf",coloriste,PottierAdrien127@gmail.com,https://randomuser.me/api/portraits/men/53.jpg,+261 34 5629422,4
128,Marie,Jules,1984-01-14,Toliara,b'gAAAAABoWO5GSAvCJCDRQUVcWM-5agc7nKXHxpVvCxYDPWdndyYVV3HwjUVdsk30YdjmT6zCv8ZctbnRBhMCMdBazUmMluEHNw==',"1, boulevard Aimé Dumont, 15941 Seguin-sur-Bourgeois",attaché territorial territoriale,MarieJules768@gmail.com,https://randomuser.me/api/portraits/women/23.jpg,+261 32 5589566,4
129,Traore,Chantal,1961-05-19,Toamasina,b'gAAAAABoWO5G80yxxauoAqfDUynEktZVMCGPPiM5R5Zck-FHgWjL6kD1Hm973gi_PPm0lDW6RMXivWhYcyoNI2k7vvYE7DJ9Zg==',"961, rue Dumas, 53491 Martinnec",conseiller en génétique,TraoreChantal2967@gmail.com,https://randomuser.me/api/portraits/women/41.jpg,+261 32 1287798,3
130,Weber,Paulette,1940-01-30,Antananarivo,b'gAAAAABoWO5Gy2mbZ4NcrQP9X-ht-SSEKEM_O-bplHFlJtF-aNWkgGjgigXoI-2A_dUR5BCs80YTWDGkt57jflD1A8KAco6yAA==',"chemin de Fischer, 47946 Labbé",inspecteur du permis de conduire et de la sécurité routière,WeberPaulette1950@gmail.com,https://randomuser.me/api/portraits/women/85.jpg,+261 33 9102308,2
131,Clerc,Grégoire,2004-11-03,Toamasina,b'gAAAAABoWO5G_qn1-ebuKa28lchLYHMzANmO2tT1OPBdL7szKAUl8Z9izs8Q2yHaog8AxJYK7ZLO-_VjuceSA_OaT-vlJTySMQ==',"2, rue Marine Blanchard, 79890 Gillet",conseiller en assurances,ClercGrégoire2358@gmail.com,https://randomuser.me/api/portraits/women/83.jpg,+261 34 4892877,6
132,Baudry,Margaux,1977-12-18,Fianarantsoa,b'gAAAAABoWO5G2Zo8V0REUbWpdsuYkMkc8cJYtk0HRmZnm9NA9oPpfSmNMCGrevU5rjpJa9a84tsm2gytwd4lp-WSn0kDUktLag==',"981, avenue Denis, 65558 Colindan",palefrenier,BaudryMargaux3168@gmail.com,https://randomuser.me/api/portraits/men/67.jpg,+261 33 5381275,5
133,Maillot,Gilbert,1991-02-14,Antsirabe,b'gAAAAABoWO5GsOtHizYqMU6hsfUKOLD7MpPheMR5fjO6iG8bItx3YHGFkEnKghOe2ep7ZjtGwl8l9AK9UODmNYWpcbimJ69KDw==',"9, rue Cécile Menard, 44592 Laurentdan",vendeur conseil caviste,MaillotGilbert1064@gmail.com,https://randomuser.me/api/portraits/women/87.jpg,+261 32 4115565,6
134,Robert,Françoise,1989-07-29,Fianarantsoa,b'gAAAAABoWO5GcYYR3WOYw0asKnhmC7icjRkx2wTlTHujQrVGtkHXz0R65N0Xc_BZlQHP4_Jm2lpmEGOECDqaTgql4wiC7Re8xA==',"53, avenue Guy Dumas, 56390 Guibert",maître d'hôtel,RobertFrançoise3216@gmail.com,https://randomuser.me/api/portraits/women/2.jpg,+261 34 5962598,1
135,Joseph,Henri,2005-07-27,Toamasina,b'gAAAAABoWO5GM9aX9mhFGvr5pJ8DwQVlEAx_OhJR3P33wIeqHqacP362lggHpiTzV2HwrIXDQwOOh3Kmqbcb55rV0PaJhCKKqQ==',"28, rue Le Goff, 05442 Renard-sur-Gosselin",linguiste,JosephHenri945@gmail.com,https://randomuser.me/api/portraits/women/93.jpg,+261 33 3276055,6
136,Perrier,Margaret,1960-01-05,Antsirabe,b'gAAAAABoWO5G2ej5LZoZt1Ka0HY6KCUec6WJho9BwYimD4xLhWZY1kYbxnnzy-5wLrwO5HNPBfGzvyxWQmo3wVyFrAV5EO9IEA==',"72, chemin Samson, 87949 Rocheboeuf",commissaire-priseur,PerrierMargaret3128@gmail.com,https://randomuser.me/api/portraits/women/78.jpg,+261 33 6056424,4
137,Paul,Élodie,1993-07-19,Manakara,b'gAAAAABoWO5GAlW57fvuTTZoZraYSF7HpdH5AUS6_bGG04foLmfzKArZOi2blKkRYoLLJNuKoWtdIPgLk2AGUThRIgIl9heKZQ==',"479, avenue de David, 31599 Prévost-sur-Berthelot",viticulteur,PaulÉlodie1507@gmail.com,https://randomuser.me/api/portraits/men/77.jpg,+261 33 8283157,4
138,Pierre,Adrien,1940-05-26,Mahajanga,b'gAAAAABoWO5GMJCJW2yHcXdUaUfugvYc102IhxKag3sfLcrIyn02Qn6T_p1y3DTtvIRZ64lFCNnlz21MCKXhWoxr9PUaC4e6qQ==',"47, rue de Boulay, 66535 Normand",généalogiste,PierreAdrien276@gmail.com,https://randomuser.me/api/portraits/men/11.jpg,+261 32 2696102,2
139,Teixeira,Marianne,1960-08-16,Toliara,b'gAAAAABoWO5G_5gbuYfT5aDWPCJEJkpQFXqd1kRop2wqn13zEasiWvWe5pJ4ANX9MQYyfY1OlxjNSVhIOmrHZkKz3ZD1t7JO4A==',"757, chemin Camille Bigot, 09250 Faivre",charcutier-traiteur,TeixeiraMarianne2919@gmail.com,https://randomuser.me/api/portraits/men/29.jpg,+261 32 2187933,3
140,Hamel,Honoré,1988-02-08,Antsiranana,b'gAAAAABoWO5GRJ_d9zWbjH-sDggwELJvHY6b4Bvae4QeRwtOcbuHKKjQz-gbea60RCkzc9-fSS0pGK2U2C5oqiXEp9Yrw0iIKg==',"135, avenue Guillaume, 12974 Marynec",orthoprothésiste,HamelHonoré2100@gmail.com,https://randomuser.me/api/portraits/women/16.jpg,+261 33 5545964,4
141,Lacroix,Luce,1935-01-14,Mahajanga,b'gAAAAABoWO5GV6QmdiD-R6dUqtzHFqr126Hi9YsOaQzkXF9uYNoR5Udf5hYKe7pt9yrZbwZbZQfzSagPdY08bxTJVDtoR6QQ_A==',"74, boulevard de François, 11719 ChrétienVille",conducteur routier routière,LacroixLuce2397@gmail.com,https://randomuser.me/api/portraits/men/82.jpg,+261 33 3210112,3
142,Humbert,Laetitia,1983-06-22,Antananarivo,b'gAAAAABoWO5G5BtgybIyFoomCRr3qfMokkG_aM5sPwTpSU8xOn2-Zy4Npe2MtHvMl2vOYdWH9GEugVAMfvBHSRhOkGRPR_OnLg==',"rue de Gosselin, 30728 Sainte Honoré",juriste en propriété intellectuelle,HumbertLaetitia2130@gmail.com,https://randomuser.me/api/portraits/men/28.jpg,+261 32 4531127,5
143,Poirier,Frédéric,1995-05-02,Toliara,b'gAAAAABoWO5GPk5_d9osVnvpJyL44ULcQ7VIbgPHa5wNdwQUU-3ytO21VXJ_M6oRp3QHSIAYvyPjoS7phKoZgZ0hK0H4tjjxJg==',"96, rue Valentine Maury, 33191 Saint Thomas",réflexologue,PoirierFrédéric2145@gmail.com,https://randomuser.me/api/portraits/women/26.jpg,+261 32 4503684,6
144,Mary,Geneviève,2000-06-27,Toliara,b'gAAAAABoWO5G9u7-lUUc8BXlDqcbLLBvJl30qv2-K_B-Hwik7ZMtbMpwp5y0S-eBf67e6doNRin35Eov5E1G8VRm4Ynyl93uMw==',"66, rue Gabriel Gay, 77780 Samson",chef d'exploitation d'usine d'incinération,MaryGeneviève1728@gmail.com,https://randomuser.me/api/portraits/men/70.jpg,+261 33 6617319,6
145,Martinez,Georges,1992-12-19,Toliara,b'gAAAAABoWO5GnaERswhdWEBcgy-KPR9usR9V1JK1ElWhh53uR2lZ11Nzk45j5puUfHqdyhPwMtUIPL2WGEm1DJdpAVNmIHpRBQ==',"chemin de Aubry, 49218 Klein",ingénieur calcul,MartinezGeorges2755@gmail.com,https://randomuser.me/api/portraits/women/41.jpg,+261 33 9810485,3
146,Chauvet,Suzanne,1960-04-09,Antsiranana,b'gAAAAABoWO5GtxT8wxS9LVaqd4OkOIEe9DgVzi65W3p_16boLinU-PHVZ7zLvRaWQalKv9t_O8sj_-7mQLecvD3d_MorJQosgg==',"380, rue Lucie Poirier, 42240 Perrin",responsable du recrutement,ChauvetSuzanne2336@gmail.com,https://randomuser.me/api/portraits/women/66.jpg,+261 32 1732899,3
147,Guilbert,Arnaude,1943-09-07,Antananarivo,b'gAAAAABoWO5GxoP0mzQDUIgJ8gIK_D9nj3GJBWrc4d1Rc-AFgV1tIxSXfHLTpO5SR9m4CRS7ozDPLcYBXstAaoZ34p1egnLWEA==',"9, boulevard Rodriguez, 62135 Hubertboeuf",biologiste en environnement,GuilbertArnaude1470@gmail.com,https://randomuser.me/api/portraits/men/19.jpg,+261 34 1496528,4
148,Pascal,Virginie,1964-01-02,Toamasina,b'gAAAAABoWO5GmDMkczi7TViWItKEj5eVy1V-L8OuHajC4bIGbHVqtsPCQaWJE2an7JQd6g3HfQEUyrVx9oOuS_2p4I3CryMyuw==',"46, avenue de Lévêque, 20375 Lévy",conducteur de travaux,PascalVirginie1036@gmail.com,https://randomuser.me/api/portraits/women/67.jpg,+261 33 4214564,6
149,Fabre,Chantal,1977-03-04,Toamasina,b'gAAAAABoWO5GybxTUivcJPPhg_eDIiF18I9cVnKjpYt9yXIYh2GmlTbIRDL9d6E_Bn_WaRU1aD31tlofNo3ayaIk90QiIeYbmw==',"601, chemin Arthur Clément, 78114 Noël",chercheur en chimie,FabreChantal2682@gmail.com,https://randomuser.me/api/portraits/women/16.jpg,+261 34 2134735,6
150,Mendès,Robert,1961-11-20,Fianarantsoa,b'gAAAAABoWO5GRYKvE0P3jLKoffHarQtQAdb88R0ZHzuQPWhPqMzAS9ApB_omZ2O9ZU7gTFteIKD8DuHptazyYzjxJ5QjhOJJ4A==',"7, boulevard de Lejeune, 16182 Barthelemy-sur-Breton",cogniticien,MendèsRobert750@gmail.com,https://randomuser.me/api/portraits/women/75.jpg,+261 34 1235314,1
